channel_id,video_url
UCe3qdG0A_gr-sEdat5y2twQ,https://www.youtube.com/watch?v=WhvDlgP6tMY
UCe3qdG0A_gr-sEdat5y2twQ,https://www.youtube.com/watch?v=70kugKq9IEk
UCe3qdG0A_gr-sEdat5y2twQ,https://www.youtube.com/watch?v=OH_1AJFnsEQ
UCe3qdG0A_gr-sEdat5y2twQ,https://www.youtube.com/watch?v=_2yYmyaiI6E
UCe3qdG0A_gr-sEdat5y2twQ,https://www.youtube.com/watch?v=AaxmSbhciZA
UCe3qdG0A_gr-sEdat5y2twQ,https://www.youtube.com/watch?v=UaNJ_naSxy4
UCe3qdG0A_gr-sEdat5y2twQ,https://www.youtube.com/watch?v=FZtlY-pIJWI
UCe3qdG0A_gr-sEdat5y2twQ,https://www.youtube.com/watch?v=0HNnFF-ORw0
UCe3qdG0A_gr-sEdat5y2twQ,https://www.youtube.com/watch?v=Pu2wYE5fCyA
UCe3qdG0A_gr-sEdat5y2twQ,https://www.youtube.com/watch?v=77wB76sJt4g
UCe3qdG0A_gr-sEdat5y2twQ,https://www.youtube.com/watch?v=_laka_MulX8
UCe3qdG0A_gr-sEdat5y2twQ,https://www.youtube.com/watch?v=ihffY3xdN2k
UCe3qdG0A_gr-sEdat5y2twQ,https://www.youtube.com/watch?v=lDXBEw4kdOg
UCe3qdG0A_gr-sEdat5y2twQ,https://www.youtube.com/watch?v=hSLb7ENmxBM
UCe3qdG0A_gr-sEdat5y2twQ,https://www.youtube.com/watch?v=RTtYJF8bxJk
UCe3qdG0A_gr-sEdat5y2twQ,https://www.youtube.com/watch?v=LKnkITlLMwM
UCe3qdG0A_gr-sEdat5y2twQ,https://www.youtube.com/watch?v=OT7JLxLsaYs
UCe3qdG0A_gr-sEdat5y2twQ,https://www.youtube.com/watch?v=3XEQHzxdnVY
UCe3qdG0A_gr-sEdat5y2twQ,https://www.youtube.com/watch?v=4ZyPotjkjh0
UCe3qdG0A_gr-sEdat5y2twQ,https://www.youtube.com/watch?v=sfQhXrDJRto
UCwAdQUuPT6laN-AQR17fe1g,https://www.youtube.com/watch?v=0yWnB1RnPQY
UCwAdQUuPT6laN-AQR17fe1g,https://www.youtube.com/watch?v=SADt3RtzxzM
UCwAdQUuPT6laN-AQR17fe1g,https://www.youtube.com/watch?v=B9tJBSaBAlE
UCwAdQUuPT6laN-AQR17fe1g,https://www.youtube.com/watch?v=45KFq23IGcY
UCwAdQUuPT6laN-AQR17fe1g,https://www.youtube.com/watch?v=RsIueLghrsA
UCwAdQUuPT6laN-AQR17fe1g,https://www.youtube.com/watch?v=aQQ1JthC0f8
UCwAdQUuPT6laN-AQR17fe1g,https://www.youtube.com/watch?v=ezl3M8h7wOM
UCwAdQUuPT6laN-AQR17fe1g,https://www.youtube.com/watch?v=sGrpyFiqNEI
UCwAdQUuPT6laN-AQR17fe1g,https://www.youtube.com/watch?v=JtvVwj28Wok
UCwAdQUuPT6laN-AQR17fe1g,https://www.youtube.com/watch?v=n5Uh-2RPU6w
UCwAdQUuPT6laN-AQR17fe1g,https://www.youtube.com/watch?v=vGBLkB2DCVs
UCwAdQUuPT6laN-AQR17fe1g,https://www.youtube.com/watch?v=3W731DlLDCk
UCwAdQUuPT6laN-AQR17fe1g,https://www.youtube.com/watch?v=Gn8jyPY_KKA
UCwAdQUuPT6laN-AQR17fe1g,https://www.youtube.com/watch?v=jSwrci0vKVw
UCwAdQUuPT6laN-AQR17fe1g,https://www.youtube.com/watch?v=Ig5KkNd_vxc
UCwAdQUuPT6laN-AQR17fe1g,https://www.youtube.com/watch?v=T-nmNeW8AM4
UCwAdQUuPT6laN-AQR17fe1g,https://www.youtube.com/watch?v=3aM0jPe6hSI
UCwAdQUuPT6laN-AQR17fe1g,https://www.youtube.com/watch?v=vWgavFa75wg
UCwAdQUuPT6laN-AQR17fe1g,https://www.youtube.com/watch?v=NUpQ5uRtzpA
UCwAdQUuPT6laN-AQR17fe1g,https://www.youtube.com/watch?v=AWZ51Du36W0
UCRzYN32xtBf3Yxsx5BvJWJw,https://www.youtube.com/watch?v=JRlq1gOeqak
UCRzYN32xtBf3Yxsx5BvJWJw,https://www.youtube.com/watch?v=Nov7iZy9VoE
UCRzYN32xtBf3Yxsx5BvJWJw,https://www.youtube.com/watch?v=kz6U0axmPSc
UCRzYN32xtBf3Yxsx5BvJWJw,https://www.youtube.com/watch?v=T2wDZSld_pA
UCRzYN32xtBf3Yxsx5BvJWJw,https://www.youtube.com/watch?v=T7JHfLGm_GY
UCRzYN32xtBf3Yxsx5BvJWJw,https://www.youtube.com/watch?v=WjwoMMYdTvI
UCRzYN32xtBf3Yxsx5BvJWJw,https://www.youtube.com/watch?v=XBXa8HKFyaE
UCRzYN32xtBf3Yxsx5BvJWJw,https://www.youtube.com/watch?v=2fMOE58BldA
UCRzYN32xtBf3Yxsx5BvJWJw,https://www.youtube.com/watch?v=XH_4rj-j0sU
UCRzYN32xtBf3Yxsx5BvJWJw,https://www.youtube.com/watch?v=D9sexfBGmVQ
UCRzYN32xtBf3Yxsx5BvJWJw,https://www.youtube.com/watch?v=Bmt84ar3wxE
UCRzYN32xtBf3Yxsx5BvJWJw,https://www.youtube.com/watch?v=77ur4dFUcIw
UCRzYN32xtBf3Yxsx5BvJWJw,https://www.youtube.com/watch?v=1_2H9Tlzdhs
UCRzYN32xtBf3Yxsx5BvJWJw,https://www.youtube.com/watch?v=yJYUa_vUt0E
UCRzYN32xtBf3Yxsx5BvJWJw,https://www.youtube.com/watch?v=H6Zu2IvAU48
UCRzYN32xtBf3Yxsx5BvJWJw,https://www.youtube.com/watch?v=hDhYm6CB-Z8
UCRzYN32xtBf3Yxsx5BvJWJw,https://www.youtube.com/watch?v=XOWlHWgT2SQ
UCRzYN32xtBf3Yxsx5BvJWJw,https://www.youtube.com/watch?v=H4JrE6__n4Y
UCRzYN32xtBf3Yxsx5BvJWJw,https://www.youtube.com/watch?v=8UzLUXL--FA
UCRzYN32xtBf3Yxsx5BvJWJw,https://www.youtube.com/watch?v=wJl7KlESQ7M
UCwVEhEzsjLym_u1he4XWFkg,https://www.youtube.com/watch?v=I7uFq-_calg
UCwVEhEzsjLym_u1he4XWFkg,https://www.youtube.com/watch?v=ZeQkweUCmbY
UCwVEhEzsjLym_u1he4XWFkg,https://www.youtube.com/watch?v=xUZUVHNuDnM
UCwVEhEzsjLym_u1he4XWFkg,https://www.youtube.com/watch?v=_Xx0hxNuug8
UCwVEhEzsjLym_u1he4XWFkg,https://www.youtube.com/watch?v=BRH2aMTlECk
UCwVEhEzsjLym_u1he4XWFkg,https://www.youtube.com/watch?v=vdBt0zeRRAY
UCwVEhEzsjLym_u1he4XWFkg,https://www.youtube.com/watch?v=n6IUZ1myDT4
UCwVEhEzsjLym_u1he4XWFkg,https://www.youtube.com/watch?v=3TAW3EBotxs
UCwVEhEzsjLym_u1he4XWFkg,https://www.youtube.com/watch?v=dIWznByHUKE
UCwVEhEzsjLym_u1he4XWFkg,https://www.youtube.com/watch?v=QJ2i-oHJf7g
UCwVEhEzsjLym_u1he4XWFkg,https://www.youtube.com/watch?v=1YUFk6cPUDw
UCwVEhEzsjLym_u1he4XWFkg,https://www.youtube.com/watch?v=Tz1slJbcgWU
UCwVEhEzsjLym_u1he4XWFkg,https://www.youtube.com/watch?v=iznk5pCkc1c
UCwVEhEzsjLym_u1he4XWFkg,https://www.youtube.com/watch?v=163z78P-qBI
UCwVEhEzsjLym_u1he4XWFkg,https://www.youtube.com/watch?v=MS2Dh44UvFs
UCwVEhEzsjLym_u1he4XWFkg,https://www.youtube.com/watch?v=DYIl-EP8LZM
UCwVEhEzsjLym_u1he4XWFkg,https://www.youtube.com/watch?v=mcg2uE2Fg8Y
UCwVEhEzsjLym_u1he4XWFkg,https://www.youtube.com/watch?v=DU0IMLDnrm4
UCwVEhEzsjLym_u1he4XWFkg,https://www.youtube.com/watch?v=Ov96P7e_eE0
UCwVEhEzsjLym_u1he4XWFkg,https://www.youtube.com/watch?v=EsMGwG_H2qA
UCsNxHPbaCWL1tKw2hxGQD6g,https://www.youtube.com/watch?v=pTbWllDAo9g
UCsNxHPbaCWL1tKw2hxGQD6g,https://www.youtube.com/watch?v=9yoEyT1zDq4
UCsNxHPbaCWL1tKw2hxGQD6g,https://www.youtube.com/watch?v=94baVxz3cxE
UCsNxHPbaCWL1tKw2hxGQD6g,https://www.youtube.com/watch?v=qMhZ9AWnZTI
UCsNxHPbaCWL1tKw2hxGQD6g,https://www.youtube.com/watch?v=WHrwT_rejac
UCsNxHPbaCWL1tKw2hxGQD6g,https://www.youtube.com/watch?v=fYWrEdLddfY
UCsNxHPbaCWL1tKw2hxGQD6g,https://www.youtube.com/watch?v=EpSgyHZSJGM
UCsNxHPbaCWL1tKw2hxGQD6g,https://www.youtube.com/watch?v=3ddmEn-Rg3M
UCsNxHPbaCWL1tKw2hxGQD6g,https://www.youtube.com/watch?v=qsxFm6S_GFQ
UCsNxHPbaCWL1tKw2hxGQD6g,https://www.youtube.com/watch?v=M2xf6wHfQOc
UCsNxHPbaCWL1tKw2hxGQD6g,https://www.youtube.com/watch?v=Mtr9XvXOkMw
UCsNxHPbaCWL1tKw2hxGQD6g,https://www.youtube.com/watch?v=DM2hbZG9Hhs
UCsNxHPbaCWL1tKw2hxGQD6g,https://www.youtube.com/watch?v=AGSsP96Nzqw
UCsNxHPbaCWL1tKw2hxGQD6g,https://www.youtube.com/watch?v=UW03yBYvZ9Q
UCsNxHPbaCWL1tKw2hxGQD6g,https://www.youtube.com/watch?v=gXzPnPDiutk
UCsNxHPbaCWL1tKw2hxGQD6g,https://www.youtube.com/watch?v=dbKE6pBFoQM
UCsNxHPbaCWL1tKw2hxGQD6g,https://www.youtube.com/watch?v=2U5P74RF8oI
UCsNxHPbaCWL1tKw2hxGQD6g,https://www.youtube.com/watch?v=EgCvWBKKPMU
UCsNxHPbaCWL1tKw2hxGQD6g,https://www.youtube.com/watch?v=L226JOIEha8
UCsNxHPbaCWL1tKw2hxGQD6g,https://www.youtube.com/watch?v=k_av6-1uu_4
UCEAAzv2OBqxsSczKJ2QZyGQ,https://www.youtube.com/watch?v=pruy8nIfk7Q
UCEAAzv2OBqxsSczKJ2QZyGQ,https://www.youtube.com/watch?v=jJaar4cuI0s
UCEAAzv2OBqxsSczKJ2QZyGQ,https://www.youtube.com/watch?v=Cob69bho_Cg
UCEAAzv2OBqxsSczKJ2QZyGQ,https://www.youtube.com/watch?v=C3OGmnFHDhE
UCEAAzv2OBqxsSczKJ2QZyGQ,https://www.youtube.com/watch?v=oi0GXh06nos
UCEAAzv2OBqxsSczKJ2QZyGQ,https://www.youtube.com/watch?v=xaKDgTCa5ao
UCEAAzv2OBqxsSczKJ2QZyGQ,https://www.youtube.com/watch?v=D89hCnQI-oc
UCEAAzv2OBqxsSczKJ2QZyGQ,https://www.youtube.com/watch?v=TAC6YRy3Joo
UCEAAzv2OBqxsSczKJ2QZyGQ,https://www.youtube.com/watch?v=oyXPTEQWEsw
UCEAAzv2OBqxsSczKJ2QZyGQ,https://www.youtube.com/watch?v=MgUKYMIw3Eo
UCEAAzv2OBqxsSczKJ2QZyGQ,https://www.youtube.com/watch?v=WB2b4EOYORc
UCEAAzv2OBqxsSczKJ2QZyGQ,https://www.youtube.com/watch?v=Kei7XunVfhk
UCEAAzv2OBqxsSczKJ2QZyGQ,https://www.youtube.com/watch?v=sFqXDwWldTI
UCEAAzv2OBqxsSczKJ2QZyGQ,https://www.youtube.com/watch?v=LugrRlZ1ST0
UCEAAzv2OBqxsSczKJ2QZyGQ,https://www.youtube.com/watch?v=mnROh_yZCxU
UCEAAzv2OBqxsSczKJ2QZyGQ,https://www.youtube.com/watch?v=qjkFtaOXqGo
UCEAAzv2OBqxsSczKJ2QZyGQ,https://www.youtube.com/watch?v=38lIih78d4U
UCEAAzv2OBqxsSczKJ2QZyGQ,https://www.youtube.com/watch?v=RqG61HQDlb8
UCEAAzv2OBqxsSczKJ2QZyGQ,https://www.youtube.com/watch?v=bTDlkgAbfSQ
UCEAAzv2OBqxsSczKJ2QZyGQ,https://www.youtube.com/watch?v=fKZ2TLksNnA
UCUgUjyt6jcyxfM4FCmxZcgw,https://www.youtube.com/watch?v=7Mt9h4xQUp0
UCUgUjyt6jcyxfM4FCmxZcgw,https://www.youtube.com/watch?v=3O0WdlYD2RI
UCUgUjyt6jcyxfM4FCmxZcgw,https://www.youtube.com/watch?v=j-iBjHP-VPI
UCUgUjyt6jcyxfM4FCmxZcgw,https://www.youtube.com/watch?v=sH9lW4bw6yo
UCUgUjyt6jcyxfM4FCmxZcgw,https://www.youtube.com/watch?v=EWmIfrUHmdo
UCUgUjyt6jcyxfM4FCmxZcgw,https://www.youtube.com/watch?v=P6hL8Nk3MEM
UCUgUjyt6jcyxfM4FCmxZcgw,https://www.youtube.com/watch?v=XDrQPJzUBa8
UCUgUjyt6jcyxfM4FCmxZcgw,https://www.youtube.com/watch?v=IaBLw1y1cZQ
UCUgUjyt6jcyxfM4FCmxZcgw,https://www.youtube.com/watch?v=MSQDHeA23hs
UCUgUjyt6jcyxfM4FCmxZcgw,https://www.youtube.com/watch?v=XXGMWhAXRWs
UCUgUjyt6jcyxfM4FCmxZcgw,https://www.youtube.com/watch?v=4s52AoVEBCs
UCUgUjyt6jcyxfM4FCmxZcgw,https://www.youtube.com/watch?v=rFkursfaOAc
UCUgUjyt6jcyxfM4FCmxZcgw,https://www.youtube.com/watch?v=DhVUCNVgRZU
UCUgUjyt6jcyxfM4FCmxZcgw,https://www.youtube.com/watch?v=OSUrI-llEKQ
UCUgUjyt6jcyxfM4FCmxZcgw,https://www.youtube.com/watch?v=3d7imBt0rSY
UCUgUjyt6jcyxfM4FCmxZcgw,https://www.youtube.com/watch?v=uWb3u2p-It8
UCUgUjyt6jcyxfM4FCmxZcgw,https://www.youtube.com/watch?v=NrVt3tGEHU4
UCUgUjyt6jcyxfM4FCmxZcgw,https://www.youtube.com/watch?v=lTU-ydMAoyI
UCUgUjyt6jcyxfM4FCmxZcgw,https://www.youtube.com/watch?v=SK1lg7bc3kE
UCUgUjyt6jcyxfM4FCmxZcgw,https://www.youtube.com/watch?v=M9OgGwOAHDI
UCVOTBwF0vnSxMRIbfSE_K_g,https://www.youtube.com/watch?v=PTD0ohD9rM4
UCVOTBwF0vnSxMRIbfSE_K_g,https://www.youtube.com/watch?v=MQCcW8iHyQk
UCVOTBwF0vnSxMRIbfSE_K_g,https://www.youtube.com/watch?v=Yxq_gCOmv2Y
UCVOTBwF0vnSxMRIbfSE_K_g,https://www.youtube.com/watch?v=yUzTBykFSr8
UCVOTBwF0vnSxMRIbfSE_K_g,https://www.youtube.com/watch?v=zbtpj1O72c8
UCVOTBwF0vnSxMRIbfSE_K_g,https://www.youtube.com/watch?v=0HIUhPM-4Sk
UCVOTBwF0vnSxMRIbfSE_K_g,https://www.youtube.com/watch?v=jGlaXr0EgFc
UCVOTBwF0vnSxMRIbfSE_K_g,https://www.youtube.com/watch?v=bqDv3U_UfAk
UCVOTBwF0vnSxMRIbfSE_K_g,https://www.youtube.com/watch?v=SOXKc3LW3QQ
UCVOTBwF0vnSxMRIbfSE_K_g,https://www.youtube.com/watch?v=jSF9kdYjiYY
UCVOTBwF0vnSxMRIbfSE_K_g,https://www.youtube.com/watch?v=BnlOGvwy6xo
UCVOTBwF0vnSxMRIbfSE_K_g,https://www.youtube.com/watch?v=Gj5jvAOzO-0
UCVOTBwF0vnSxMRIbfSE_K_g,https://www.youtube.com/watch?v=-feBrGUqfqw
UCVOTBwF0vnSxMRIbfSE_K_g,https://www.youtube.com/watch?v=czMUlsMduyE
UCVOTBwF0vnSxMRIbfSE_K_g,https://www.youtube.com/watch?v=u5hJxM2Cjic
UCVOTBwF0vnSxMRIbfSE_K_g,https://www.youtube.com/watch?v=E2gWlbLW7HM
UCVOTBwF0vnSxMRIbfSE_K_g,https://www.youtube.com/watch?v=liuKy5IVcHU
UCVOTBwF0vnSxMRIbfSE_K_g,https://www.youtube.com/watch?v=D0-5R6L4Se4
UCVOTBwF0vnSxMRIbfSE_K_g,https://www.youtube.com/watch?v=CQ-7txLzz_E
UCVOTBwF0vnSxMRIbfSE_K_g,https://www.youtube.com/watch?v=1KaoUlOY4N4
UCWHCXSKASuSzao_pplQ7SPw,https://www.youtube.com/watch?v=zKvgqeEu9A0
UCWHCXSKASuSzao_pplQ7SPw,https://www.youtube.com/watch?v=E3SF0zYMLNc
UCWHCXSKASuSzao_pplQ7SPw,https://www.youtube.com/watch?v=ejDS3aTnX1o
UCWHCXSKASuSzao_pplQ7SPw,https://www.youtube.com/watch?v=XwI1ED08AqU
UCWHCXSKASuSzao_pplQ7SPw,https://www.youtube.com/watch?v=aDb2JKC1ROM
UCWHCXSKASuSzao_pplQ7SPw,https://www.youtube.com/watch?v=59_o5G9FtC8
UCWHCXSKASuSzao_pplQ7SPw,https://www.youtube.com/watch?v=23sZWSzNLxQ
UCWHCXSKASuSzao_pplQ7SPw,https://www.youtube.com/watch?v=2iGOx2oW3RI
UCWHCXSKASuSzao_pplQ7SPw,https://www.youtube.com/watch?v=_4qKOalyKIc
UCWHCXSKASuSzao_pplQ7SPw,https://www.youtube.com/watch?v=fSlBvZkZdBU
UCWHCXSKASuSzao_pplQ7SPw,https://www.youtube.com/watch?v=vqWHB7qThDk
UCWHCXSKASuSzao_pplQ7SPw,https://www.youtube.com/watch?v=AhxIiEPety8
UCWHCXSKASuSzao_pplQ7SPw,https://www.youtube.com/watch?v=j313XQxwOgM
UCWHCXSKASuSzao_pplQ7SPw,https://www.youtube.com/watch?v=8wJhIWqpdTU
UCWHCXSKASuSzao_pplQ7SPw,https://www.youtube.com/watch?v=06gq1URJDP8
UCWHCXSKASuSzao_pplQ7SPw,https://www.youtube.com/watch?v=nhEzTvxm9bo
UCWHCXSKASuSzao_pplQ7SPw,https://www.youtube.com/watch?v=gcuiIQHjOwE
UCWHCXSKASuSzao_pplQ7SPw,https://www.youtube.com/watch?v=12NC0PFRZuA
UCWHCXSKASuSzao_pplQ7SPw,https://www.youtube.com/watch?v=xKwyS0DJbH4
UCWHCXSKASuSzao_pplQ7SPw,https://www.youtube.com/watch?v=VxkiiN5CRSY
UCPohbSYq4IXhv0yxiy-sT4g,https://www.youtube.com/watch?v=dWcD_EPQu-w
UCPohbSYq4IXhv0yxiy-sT4g,https://www.youtube.com/watch?v=wU5Dmw5Av-I
UCPohbSYq4IXhv0yxiy-sT4g,https://www.youtube.com/watch?v=V_X3bY5JQ-U
UCPohbSYq4IXhv0yxiy-sT4g,https://www.youtube.com/watch?v=D3pc-h8_6Ks
UCPohbSYq4IXhv0yxiy-sT4g,https://www.youtube.com/watch?v=mPTpzNpl2d0
UCPohbSYq4IXhv0yxiy-sT4g,https://www.youtube.com/watch?v=LMBxeA_KmV0
UCPohbSYq4IXhv0yxiy-sT4g,https://www.youtube.com/watch?v=Efa0SQOSCUs
UCPohbSYq4IXhv0yxiy-sT4g,https://www.youtube.com/watch?v=sungTgoVEO4
UCPohbSYq4IXhv0yxiy-sT4g,https://www.youtube.com/watch?v=cQ6EHouXOXw
UCPohbSYq4IXhv0yxiy-sT4g,https://www.youtube.com/watch?v=bTT86SdgFAw
UCPohbSYq4IXhv0yxiy-sT4g,https://www.youtube.com/watch?v=51VmnHzkRB8
UCPohbSYq4IXhv0yxiy-sT4g,https://www.youtube.com/watch?v=z5NDrrt4-lU
UCPohbSYq4IXhv0yxiy-sT4g,https://www.youtube.com/watch?v=x2p7OzfwZLA
UCPohbSYq4IXhv0yxiy-sT4g,https://www.youtube.com/watch?v=cmbelTIVDnk
UCPohbSYq4IXhv0yxiy-sT4g,https://www.youtube.com/watch?v=pzoWruTyVfQ
UCPohbSYq4IXhv0yxiy-sT4g,https://www.youtube.com/watch?v=FcleUlGQdWY
UCPohbSYq4IXhv0yxiy-sT4g,https://www.youtube.com/watch?v=NDzzh64Qan4
UCPohbSYq4IXhv0yxiy-sT4g,https://www.youtube.com/watch?v=_3s4IW4DiX8
UCPohbSYq4IXhv0yxiy-sT4g,https://www.youtube.com/watch?v=rO5BfV0Rgf0
UCPohbSYq4IXhv0yxiy-sT4g,https://www.youtube.com/watch?v=GhatJl63Rh8
UCMSI1Ck1mJOaxxwJ0bzrYhQ,https://www.youtube.com/watch?v=fs_1RqEKBRQ
UCMSI1Ck1mJOaxxwJ0bzrYhQ,https://www.youtube.com/watch?v=82GOkPqlSFo
UCMSI1Ck1mJOaxxwJ0bzrYhQ,https://www.youtube.com/watch?v=hRNhqsTAASk
UCMSI1Ck1mJOaxxwJ0bzrYhQ,https://www.youtube.com/watch?v=3ouUKCJWnf4
UCMSI1Ck1mJOaxxwJ0bzrYhQ,https://www.youtube.com/watch?v=OrR7dBe5s4s
UCMSI1Ck1mJOaxxwJ0bzrYhQ,https://www.youtube.com/watch?v=Up5_lIfib00
UCMSI1Ck1mJOaxxwJ0bzrYhQ,https://www.youtube.com/watch?v=owNUMZJLQto
UCMSI1Ck1mJOaxxwJ0bzrYhQ,https://www.youtube.com/watch?v=S4mFy7_oRgI
UCMSI1Ck1mJOaxxwJ0bzrYhQ,https://www.youtube.com/watch?v=sMi3yLfDDtc
UCMSI1Ck1mJOaxxwJ0bzrYhQ,https://www.youtube.com/watch?v=XqbPKnPaRtE
UCMSI1Ck1mJOaxxwJ0bzrYhQ,https://www.youtube.com/watch?v=HDhlXPBXwFA
UCMSI1Ck1mJOaxxwJ0bzrYhQ,https://www.youtube.com/watch?v=rmJvLSUS4s0
UCMSI1Ck1mJOaxxwJ0bzrYhQ,https://www.youtube.com/watch?v=Uy3LK0aJGP4
UCMSI1Ck1mJOaxxwJ0bzrYhQ,https://www.youtube.com/watch?v=4Mft-zhm3PQ
UCMSI1Ck1mJOaxxwJ0bzrYhQ,https://www.youtube.com/watch?v=mu7T6PYUcBE
UCMSI1Ck1mJOaxxwJ0bzrYhQ,https://www.youtube.com/watch?v=7XA49rWNiqw
UCMSI1Ck1mJOaxxwJ0bzrYhQ,https://www.youtube.com/watch?v=AGUSFqdZyfE
UCMSI1Ck1mJOaxxwJ0bzrYhQ,https://www.youtube.com/watch?v=MhFya94mLDI
UCMSI1Ck1mJOaxxwJ0bzrYhQ,https://www.youtube.com/watch?v=tjI-dE0cU4I
UCMSI1Ck1mJOaxxwJ0bzrYhQ,https://www.youtube.com/watch?v=tDmMOzNgTHI
UCt22CG7b9crZ0HDk1eTiJjA,https://www.youtube.com/watch?v=qoJyTsaC9iw
UCt22CG7b9crZ0HDk1eTiJjA,https://www.youtube.com/watch?v=YfH8arSxRQE
UCt22CG7b9crZ0HDk1eTiJjA,https://www.youtube.com/watch?v=3c1Gd-w0Ai4
UCt22CG7b9crZ0HDk1eTiJjA,https://www.youtube.com/watch?v=b1WSZP2plt4
UCt22CG7b9crZ0HDk1eTiJjA,https://www.youtube.com/watch?v=W916ugdhzUc
UCt22CG7b9crZ0HDk1eTiJjA,https://www.youtube.com/watch?v=D4BP0xzTQLU
UCt22CG7b9crZ0HDk1eTiJjA,https://www.youtube.com/watch?v=WmTYalTw1I0
UCt22CG7b9crZ0HDk1eTiJjA,https://www.youtube.com/watch?v=QtYoc0p93xA
UCt22CG7b9crZ0HDk1eTiJjA,https://www.youtube.com/watch?v=hRdSnZDM7VA
UCt22CG7b9crZ0HDk1eTiJjA,https://www.youtube.com/watch?v=jBLmJoNnhec
UCt22CG7b9crZ0HDk1eTiJjA,https://www.youtube.com/watch?v=eBJTuL9-ln8
UCt22CG7b9crZ0HDk1eTiJjA,https://www.youtube.com/watch?v=UFYK10Qv3jg
UCt22CG7b9crZ0HDk1eTiJjA,https://www.youtube.com/watch?v=5ODVxhmFzW8
UCt22CG7b9crZ0HDk1eTiJjA,https://www.youtube.com/watch?v=Bfz-xY5rit0
UCt22CG7b9crZ0HDk1eTiJjA,https://www.youtube.com/watch?v=Qgkzifx1Um0
UCt22CG7b9crZ0HDk1eTiJjA,https://www.youtube.com/watch?v=z6SMG_jtCKs
UCt22CG7b9crZ0HDk1eTiJjA,https://www.youtube.com/watch?v=V0IhD9U5VyI
UCt22CG7b9crZ0HDk1eTiJjA,https://www.youtube.com/watch?v=_E1lE_miBdg
UCt22CG7b9crZ0HDk1eTiJjA,https://www.youtube.com/watch?v=Rz5e2H-yQnI
UCt22CG7b9crZ0HDk1eTiJjA,https://www.youtube.com/watch?v=YlNJTNP8FeY
UCKxWWqBQZYKTA01GkyQdMHA,https://www.youtube.com/watch?v=YagCarYavg8
UCKxWWqBQZYKTA01GkyQdMHA,https://www.youtube.com/watch?v=TQeipreR9Go
UCKxWWqBQZYKTA01GkyQdMHA,https://www.youtube.com/watch?v=YflymVyjHR8
UCKxWWqBQZYKTA01GkyQdMHA,https://www.youtube.com/watch?v=8j5eKcOEXPk
UCKxWWqBQZYKTA01GkyQdMHA,https://www.youtube.com/watch?v=ekQfyIIkSnk
UCKxWWqBQZYKTA01GkyQdMHA,https://www.youtube.com/watch?v=YZzgW4bOZ34
UCKxWWqBQZYKTA01GkyQdMHA,https://www.youtube.com/watch?v=z_qTekbyhV8
UCKxWWqBQZYKTA01GkyQdMHA,https://www.youtube.com/watch?v=ljplTZp1SN0
UCKxWWqBQZYKTA01GkyQdMHA,https://www.youtube.com/watch?v=mKzqTlpqmFA
UCKxWWqBQZYKTA01GkyQdMHA,https://www.youtube.com/watch?v=RnqzR1iZzD0
UCKxWWqBQZYKTA01GkyQdMHA,https://www.youtube.com/watch?v=hI_qArakeCg
UCKxWWqBQZYKTA01GkyQdMHA,https://www.youtube.com/watch?v=XgosLAofMWY
UCKxWWqBQZYKTA01GkyQdMHA,https://www.youtube.com/watch?v=v737hCAfdfc
UCKxWWqBQZYKTA01GkyQdMHA,https://www.youtube.com/watch?v=XJ-ZX-wr81k
UCKxWWqBQZYKTA01GkyQdMHA,https://www.youtube.com/watch?v=piyNs_L_7Qg
UCKxWWqBQZYKTA01GkyQdMHA,https://www.youtube.com/watch?v=RYxj21bQvHI
UCKxWWqBQZYKTA01GkyQdMHA,https://www.youtube.com/watch?v=ceq24h0ihk8
UCKxWWqBQZYKTA01GkyQdMHA,https://www.youtube.com/watch?v=lTtCSRaZkW0
UCKxWWqBQZYKTA01GkyQdMHA,https://www.youtube.com/watch?v=FUS8KKRC2hs
UCKxWWqBQZYKTA01GkyQdMHA,https://www.youtube.com/watch?v=g0vK0Gfnwyw
UC2sIhf108S02F0Qlb2a88eQ,https://www.youtube.com/watch?v=V4fYRC5sZYE
UC2sIhf108S02F0Qlb2a88eQ,https://www.youtube.com/watch?v=kakFchv-ylo
UC2sIhf108S02F0Qlb2a88eQ,https://www.youtube.com/watch?v=5glwOHR6nEA
UC2sIhf108S02F0Qlb2a88eQ,https://www.youtube.com/watch?v=7LVH5e6XDiE
UC2sIhf108S02F0Qlb2a88eQ,https://www.youtube.com/watch?v=ZenGgWgvINQ
UC2sIhf108S02F0Qlb2a88eQ,https://www.youtube.com/watch?v=jpdXGnhLfOc
UC2sIhf108S02F0Qlb2a88eQ,https://www.youtube.com/watch?v=-nJR2VqE7wg
UC2sIhf108S02F0Qlb2a88eQ,https://www.youtube.com/watch?v=DI3ydbq9b6M
UC2sIhf108S02F0Qlb2a88eQ,https://www.youtube.com/watch?v=61LsfgoRJFk
UC2sIhf108S02F0Qlb2a88eQ,https://www.youtube.com/watch?v=6cdUpi_MWiQ
UC2sIhf108S02F0Qlb2a88eQ,https://www.youtube.com/watch?v=kz6psLYLrb0
UC2sIhf108S02F0Qlb2a88eQ,https://www.youtube.com/watch?v=Y8EkK0HTJMk
UC2sIhf108S02F0Qlb2a88eQ,https://www.youtube.com/watch?v=1O0inL_IjUU
UC2sIhf108S02F0Qlb2a88eQ,https://www.youtube.com/watch?v=VeRFSaOj6S4
UC2sIhf108S02F0Qlb2a88eQ,https://www.youtube.com/watch?v=HxBwAconvqA
UC2sIhf108S02F0Qlb2a88eQ,https://www.youtube.com/watch?v=gOolJpAT1ew
UC2sIhf108S02F0Qlb2a88eQ,https://www.youtube.com/watch?v=Job5BLRLCPs
UC2sIhf108S02F0Qlb2a88eQ,https://www.youtube.com/watch?v=jvzd7UPlb5Y
UC2sIhf108S02F0Qlb2a88eQ,https://www.youtube.com/watch?v=LnVRWQqfIZs
UC2sIhf108S02F0Qlb2a88eQ,https://www.youtube.com/watch?v=tT5zA0o0Zzs
UC6ZkHcW5QQubZ-Q6XYINE3Q,https://www.youtube.com/watch?v=SXRvsDsUQEU
UC6ZkHcW5QQubZ-Q6XYINE3Q,https://www.youtube.com/watch?v=1qL8rkPkMmE
UC6ZkHcW5QQubZ-Q6XYINE3Q,https://www.youtube.com/watch?v=4oTTtGLKWR8
UC6ZkHcW5QQubZ-Q6XYINE3Q,https://www.youtube.com/watch?v=C--WqV0_4Yk
UC6ZkHcW5QQubZ-Q6XYINE3Q,https://www.youtube.com/watch?v=s1gxQZj9NQg
UC6ZkHcW5QQubZ-Q6XYINE3Q,https://www.youtube.com/watch?v=_-Qs4OT6vdI
UC6ZkHcW5QQubZ-Q6XYINE3Q,https://www.youtube.com/watch?v=j5Yy8Qe3_ts
UC6ZkHcW5QQubZ-Q6XYINE3Q,https://www.youtube.com/watch?v=Ma5QMJmCBwY
UC6ZkHcW5QQubZ-Q6XYINE3Q,https://www.youtube.com/watch?v=IXrS8ooJZFk
UC6ZkHcW5QQubZ-Q6XYINE3Q,https://www.youtube.com/watch?v=nBiIBRexV90
UC6ZkHcW5QQubZ-Q6XYINE3Q,https://www.youtube.com/watch?v=HERb97BaaR8
UC6ZkHcW5QQubZ-Q6XYINE3Q,https://www.youtube.com/watch?v=waPaDKVZQ_M
UC6ZkHcW5QQubZ-Q6XYINE3Q,https://www.youtube.com/watch?v=5_dtnPEQivw
UC6ZkHcW5QQubZ-Q6XYINE3Q,https://www.youtube.com/watch?v=OQb9dt7UHKc
UC6ZkHcW5QQubZ-Q6XYINE3Q,https://www.youtube.com/watch?v=wzVRJcP1xxk
UC6ZkHcW5QQubZ-Q6XYINE3Q,https://www.youtube.com/watch?v=99sXPRg8boY
UC6ZkHcW5QQubZ-Q6XYINE3Q,https://www.youtube.com/watch?v=TCW64CscAtM
UC6ZkHcW5QQubZ-Q6XYINE3Q,https://www.youtube.com/watch?v=_d94SlxZzH4
UC6ZkHcW5QQubZ-Q6XYINE3Q,https://www.youtube.com/watch?v=zUQSxpjVikQ
UC6ZkHcW5QQubZ-Q6XYINE3Q,https://www.youtube.com/watch?v=0TFO4cGAkPo
UC_s0g4QdprLkyyN2MDpef7Q,https://www.youtube.com/watch?v=TEH5fxShkFE
UC_s0g4QdprLkyyN2MDpef7Q,https://www.youtube.com/watch?v=f5xIawcfJ1k
UC_s0g4QdprLkyyN2MDpef7Q,https://www.youtube.com/watch?v=eZBixZQVVKE
UC_s0g4QdprLkyyN2MDpef7Q,https://www.youtube.com/watch?v=zO3uJlDt37U
UC_s0g4QdprLkyyN2MDpef7Q,https://www.youtube.com/watch?v=eIJAki0o5ik
UC_s0g4QdprLkyyN2MDpef7Q,https://www.youtube.com/watch?v=FcmiWS7Rs-8
UC_s0g4QdprLkyyN2MDpef7Q,https://www.youtube.com/watch?v=63rxekmFrvs
UC_s0g4QdprLkyyN2MDpef7Q,https://www.youtube.com/watch?v=bdRmBpb6ifQ
UC_s0g4QdprLkyyN2MDpef7Q,https://www.youtube.com/watch?v=oxvVByv4rD0
UC_s0g4QdprLkyyN2MDpef7Q,https://www.youtube.com/watch?v=rG-IvznYTYs
UC_s0g4QdprLkyyN2MDpef7Q,https://www.youtube.com/watch?v=tFnZRfM3Ysw
UC_s0g4QdprLkyyN2MDpef7Q,https://www.youtube.com/watch?v=HRCB7mpj_QE
UC_s0g4QdprLkyyN2MDpef7Q,https://www.youtube.com/watch?v=YWF1rXKyJgQ
UC_s0g4QdprLkyyN2MDpef7Q,https://www.youtube.com/watch?v=XWzVoCehLNQ
UC_s0g4QdprLkyyN2MDpef7Q,https://www.youtube.com/watch?v=wGWtB9SjQBU
UC_s0g4QdprLkyyN2MDpef7Q,https://www.youtube.com/watch?v=UfoV6MaIzCQ
UC_s0g4QdprLkyyN2MDpef7Q,https://www.youtube.com/watch?v=D5PTUZUXtQU
UC_s0g4QdprLkyyN2MDpef7Q,https://www.youtube.com/watch?v=0qKGGmv3t4s
UC_s0g4QdprLkyyN2MDpef7Q,https://www.youtube.com/watch?v=KcVEsUfxjeM
UC_s0g4QdprLkyyN2MDpef7Q,https://www.youtube.com/watch?v=OqVbvK85fwo
UCthN3CTgZY0WIE9A5u1Qcew,https://www.youtube.com/watch?v=HEk30YA5O2w
UCthN3CTgZY0WIE9A5u1Qcew,https://www.youtube.com/watch?v=0IgRb63hWXY
UCthN3CTgZY0WIE9A5u1Qcew,https://www.youtube.com/watch?v=DSD_6V0P26Q
UCthN3CTgZY0WIE9A5u1Qcew,https://www.youtube.com/watch?v=89rM6CPSBe0
UCthN3CTgZY0WIE9A5u1Qcew,https://www.youtube.com/watch?v=R8rauZ5acZI
UCthN3CTgZY0WIE9A5u1Qcew,https://www.youtube.com/watch?v=CSaVR0Zbwmg
UCthN3CTgZY0WIE9A5u1Qcew,https://www.youtube.com/watch?v=3uH9oXZOTWs
UCthN3CTgZY0WIE9A5u1Qcew,https://www.youtube.com/watch?v=LG3EjcL4xgE
UCthN3CTgZY0WIE9A5u1Qcew,https://www.youtube.com/watch?v=b8C6MDmh7QA
UCthN3CTgZY0WIE9A5u1Qcew,https://www.youtube.com/watch?v=TsB4hLXakHU
UCthN3CTgZY0WIE9A5u1Qcew,https://www.youtube.com/watch?v=ipMKiMf7pzM
UCthN3CTgZY0WIE9A5u1Qcew,https://www.youtube.com/watch?v=XeBalUcrS9E
UCthN3CTgZY0WIE9A5u1Qcew,https://www.youtube.com/watch?v=TTKw-qZDbqU
UCthN3CTgZY0WIE9A5u1Qcew,https://www.youtube.com/watch?v=uUgdhvK2It4
UCthN3CTgZY0WIE9A5u1Qcew,https://www.youtube.com/watch?v=Pulk4p2FfJU
UCthN3CTgZY0WIE9A5u1Qcew,https://www.youtube.com/watch?v=KkQgaDy_D8A
UCthN3CTgZY0WIE9A5u1Qcew,https://www.youtube.com/watch?v=ooeuRobTUmw
UCthN3CTgZY0WIE9A5u1Qcew,https://www.youtube.com/watch?v=zNakfgUNPIs
UCthN3CTgZY0WIE9A5u1Qcew,https://www.youtube.com/watch?v=1TZmRxc24Ao
UCthN3CTgZY0WIE9A5u1Qcew,https://www.youtube.com/watch?v=-UInqX1AP3E
UCqvVj1LkOpA8tjb7RadTvOg,https://www.youtube.com/watch?v=2iWNnjd1UII
UCqvVj1LkOpA8tjb7RadTvOg,https://www.youtube.com/watch?v=1gbv3J0EFd0
UCqvVj1LkOpA8tjb7RadTvOg,https://www.youtube.com/watch?v=GzgoEB7_P8k
UCqvVj1LkOpA8tjb7RadTvOg,https://www.youtube.com/watch?v=RcgTj-hTA_Q
UCqvVj1LkOpA8tjb7RadTvOg,https://www.youtube.com/watch?v=pmnFl4uLNgY
UCqvVj1LkOpA8tjb7RadTvOg,https://www.youtube.com/watch?v=bfBwtKB0HHY
UCqvVj1LkOpA8tjb7RadTvOg,https://www.youtube.com/watch?v=KbGeMruIyEs
UCqvVj1LkOpA8tjb7RadTvOg,https://www.youtube.com/watch?v=8lvRC4ilFFQ
UCqvVj1LkOpA8tjb7RadTvOg,https://www.youtube.com/watch?v=WN4DxGPhvZY
UCqvVj1LkOpA8tjb7RadTvOg,https://www.youtube.com/watch?v=6iG0Rh6I8O4
UCqvVj1LkOpA8tjb7RadTvOg,https://www.youtube.com/watch?v=gtAQtPlYAgc
UCqvVj1LkOpA8tjb7RadTvOg,https://www.youtube.com/watch?v=lxyLM7hTDM8
UCqvVj1LkOpA8tjb7RadTvOg,https://www.youtube.com/watch?v=3qOyU9VKj7w
UCqvVj1LkOpA8tjb7RadTvOg,https://www.youtube.com/watch?v=VAXn215UBX4
UCqvVj1LkOpA8tjb7RadTvOg,https://www.youtube.com/watch?v=dBn6ihID1pc
UCqvVj1LkOpA8tjb7RadTvOg,https://www.youtube.com/watch?v=mQdfFeo3puc
UCqvVj1LkOpA8tjb7RadTvOg,https://www.youtube.com/watch?v=QHp9dYKvZe8
UCqvVj1LkOpA8tjb7RadTvOg,https://www.youtube.com/watch?v=pZzHw8P1QIU
UCqvVj1LkOpA8tjb7RadTvOg,https://www.youtube.com/watch?v=nFPKrY-VF3w
UCqvVj1LkOpA8tjb7RadTvOg,https://www.youtube.com/watch?v=_7bYZww0C8U
UCw4496t84F_8HvhQPwtmWpQ,https://www.youtube.com/watch?v=QEuKcY5kBoc
UCw4496t84F_8HvhQPwtmWpQ,https://www.youtube.com/watch?v=tnpcS8WvgRs
UCw4496t84F_8HvhQPwtmWpQ,https://www.youtube.com/watch?v=4PAcHN-gi08
UCw4496t84F_8HvhQPwtmWpQ,https://www.youtube.com/watch?v=K8SvVIhYfOQ
UCw4496t84F_8HvhQPwtmWpQ,https://www.youtube.com/watch?v=pn9HblxoT0k
UCw4496t84F_8HvhQPwtmWpQ,https://www.youtube.com/watch?v=muC6YE33gw4
UCw4496t84F_8HvhQPwtmWpQ,https://www.youtube.com/watch?v=KMCHjRGvgAI
UCw4496t84F_8HvhQPwtmWpQ,https://www.youtube.com/watch?v=TNwSUY3cQc4
UCw4496t84F_8HvhQPwtmWpQ,https://www.youtube.com/watch?v=HM-KDIaNCHY
UCw4496t84F_8HvhQPwtmWpQ,https://www.youtube.com/watch?v=WkIwQgQk6LU
UCw4496t84F_8HvhQPwtmWpQ,https://www.youtube.com/watch?v=Z1jg3XkH6SM
UCw4496t84F_8HvhQPwtmWpQ,https://www.youtube.com/watch?v=xc-K1us631Q
UCw4496t84F_8HvhQPwtmWpQ,https://www.youtube.com/watch?v=yylhee_bjbk
UCw4496t84F_8HvhQPwtmWpQ,https://www.youtube.com/watch?v=mhPy6WyEr3Q
UCw4496t84F_8HvhQPwtmWpQ,https://www.youtube.com/watch?v=J24te3ZPJw0
UCw4496t84F_8HvhQPwtmWpQ,https://www.youtube.com/watch?v=2MGUsjJ6DtA
UCw4496t84F_8HvhQPwtmWpQ,https://www.youtube.com/watch?v=JodbXVafoC4
UCw4496t84F_8HvhQPwtmWpQ,https://www.youtube.com/watch?v=3U4L_5z-zy4
UCw4496t84F_8HvhQPwtmWpQ,https://www.youtube.com/watch?v=PlaammS6Eg8
UCw4496t84F_8HvhQPwtmWpQ,https://www.youtube.com/watch?v=5bnBH8LuBGU
UCJLuHmLtOWbB5zurCbmuPDg,https://www.youtube.com/watch?v=CJsTnWww7aE
UCJLuHmLtOWbB5zurCbmuPDg,https://www.youtube.com/watch?v=NR-MG918khU
UCJLuHmLtOWbB5zurCbmuPDg,https://www.youtube.com/watch?v=CusguEeHobA
UCJLuHmLtOWbB5zurCbmuPDg,https://www.youtube.com/watch?v=aP-bsLU7dg0
UCJLuHmLtOWbB5zurCbmuPDg,https://www.youtube.com/watch?v=dfYoyT3m2FU
UCJLuHmLtOWbB5zurCbmuPDg,https://www.youtube.com/watch?v=rt-PCxuvRTQ
UCJLuHmLtOWbB5zurCbmuPDg,https://www.youtube.com/watch?v=YpeAlX1m7bg
UCJLuHmLtOWbB5zurCbmuPDg,https://www.youtube.com/watch?v=UrhhdGFEHus
UCJLuHmLtOWbB5zurCbmuPDg,https://www.youtube.com/watch?v=CfTAqWqGtHc
UCJLuHmLtOWbB5zurCbmuPDg,https://www.youtube.com/watch?v=txt2ORNfY2k
UCJLuHmLtOWbB5zurCbmuPDg,https://www.youtube.com/watch?v=sfR1Ghpc_MQ
UCJLuHmLtOWbB5zurCbmuPDg,https://www.youtube.com/watch?v=rbfnZIpPcKI
UCJLuHmLtOWbB5zurCbmuPDg,https://www.youtube.com/watch?v=Ljo54IC-nL8
UCJLuHmLtOWbB5zurCbmuPDg,https://www.youtube.com/watch?v=h0Pr2JYpqWc
UCJLuHmLtOWbB5zurCbmuPDg,https://www.youtube.com/watch?v=lm3FMTlc-yQ
UCJLuHmLtOWbB5zurCbmuPDg,https://www.youtube.com/watch?v=90337nTBx4Q
UCJLuHmLtOWbB5zurCbmuPDg,https://www.youtube.com/watch?v=0K0bsWPOhf4
UCJLuHmLtOWbB5zurCbmuPDg,https://www.youtube.com/watch?v=ecYgFXTvv2c
UCJLuHmLtOWbB5zurCbmuPDg,https://www.youtube.com/watch?v=gTc9y-QNctY
UCJLuHmLtOWbB5zurCbmuPDg,https://www.youtube.com/watch?v=yjCqDkQqAEE
UCqW8jxh4tH1Z1sWPbkGWL4g,https://www.youtube.com/watch?v=vFlO0SRFniE
UCqW8jxh4tH1Z1sWPbkGWL4g,https://www.youtube.com/watch?v=yhnUEgJAEN4
UCqW8jxh4tH1Z1sWPbkGWL4g,https://www.youtube.com/watch?v=-TL-_GO5vrE
UCqW8jxh4tH1Z1sWPbkGWL4g,https://www.youtube.com/watch?v=E96ZkGZ4bKQ
UCqW8jxh4tH1Z1sWPbkGWL4g,https://www.youtube.com/watch?v=sYfZuSUAucI
UCqW8jxh4tH1Z1sWPbkGWL4g,https://www.youtube.com/watch?v=67pxeDwJCqA
UCqW8jxh4tH1Z1sWPbkGWL4g,https://www.youtube.com/watch?v=N2GH08vqS3s
UCqW8jxh4tH1Z1sWPbkGWL4g,https://www.youtube.com/watch?v=8jlrX0EeEXk
UCqW8jxh4tH1Z1sWPbkGWL4g,https://www.youtube.com/watch?v=Qz5_dpy7TQY
UCqW8jxh4tH1Z1sWPbkGWL4g,https://www.youtube.com/watch?v=CtBJxdShSMw
UCqW8jxh4tH1Z1sWPbkGWL4g,https://www.youtube.com/watch?v=3V6i73NCWsc
UCqW8jxh4tH1Z1sWPbkGWL4g,https://www.youtube.com/watch?v=rgWCHQVWz2M
UCqW8jxh4tH1Z1sWPbkGWL4g,https://www.youtube.com/watch?v=awOTAwe334E
UCqW8jxh4tH1Z1sWPbkGWL4g,https://www.youtube.com/watch?v=mPE8m4Ld0CU
UCqW8jxh4tH1Z1sWPbkGWL4g,https://www.youtube.com/watch?v=W4q982L1Z90
UCqW8jxh4tH1Z1sWPbkGWL4g,https://www.youtube.com/watch?v=rEC15tWo_oU
UCqW8jxh4tH1Z1sWPbkGWL4g,https://www.youtube.com/watch?v=scBBJpZB2-U
UCqW8jxh4tH1Z1sWPbkGWL4g,https://www.youtube.com/watch?v=z01lyQH7rao
UCqW8jxh4tH1Z1sWPbkGWL4g,https://www.youtube.com/watch?v=XPCy1r6pZEM
UCqW8jxh4tH1Z1sWPbkGWL4g,https://www.youtube.com/watch?v=ddXCLYdPQlM
UCzwCEE_PchiBULMnAJqhGVg,https://www.youtube.com/watch?v=xh2tA8yf3hU
UCzwCEE_PchiBULMnAJqhGVg,https://www.youtube.com/watch?v=m1DQx1_mweE
UCzwCEE_PchiBULMnAJqhGVg,https://www.youtube.com/watch?v=WNdSw0vzzOs
UCzwCEE_PchiBULMnAJqhGVg,https://www.youtube.com/watch?v=we9VSegCFyo
UCzwCEE_PchiBULMnAJqhGVg,https://www.youtube.com/watch?v=NB4TlMvCqJY
UCzwCEE_PchiBULMnAJqhGVg,https://www.youtube.com/watch?v=MdeQMVBuGgY
UCzwCEE_PchiBULMnAJqhGVg,https://www.youtube.com/watch?v=BWu-VAuok3Y
UCzwCEE_PchiBULMnAJqhGVg,https://www.youtube.com/watch?v=r8pDXO6zRUg
UCzwCEE_PchiBULMnAJqhGVg,https://www.youtube.com/watch?v=xoZw93EHxSw
UCzwCEE_PchiBULMnAJqhGVg,https://www.youtube.com/watch?v=yQ_6xi__utU
UCzwCEE_PchiBULMnAJqhGVg,https://www.youtube.com/watch?v=D4184a_RTJI
UCzwCEE_PchiBULMnAJqhGVg,https://www.youtube.com/watch?v=8Ssx232ZXa4
UCzwCEE_PchiBULMnAJqhGVg,https://www.youtube.com/watch?v=jtgxSDACnyU
UCzwCEE_PchiBULMnAJqhGVg,https://www.youtube.com/watch?v=jFXxHwTwlRg
UCzwCEE_PchiBULMnAJqhGVg,https://www.youtube.com/watch?v=mrBUlkbnJcg
UCzwCEE_PchiBULMnAJqhGVg,https://www.youtube.com/watch?v=z5KAKDuvXD4
UCzwCEE_PchiBULMnAJqhGVg,https://www.youtube.com/watch?v=y39gxQS_TsM
UCzwCEE_PchiBULMnAJqhGVg,https://www.youtube.com/watch?v=oHry5RRI4KU
UCzwCEE_PchiBULMnAJqhGVg,https://www.youtube.com/watch?v=ndTkM5X7msg
UCzwCEE_PchiBULMnAJqhGVg,https://www.youtube.com/watch?v=PGX-a7wWsfo
UCzw35O6toJtjqEAAt4LTjKQ,https://www.youtube.com/watch?v=0q7mTFMto0Q
UCzw35O6toJtjqEAAt4LTjKQ,https://www.youtube.com/watch?v=VqzwLXHM0-E
UCzw35O6toJtjqEAAt4LTjKQ,https://www.youtube.com/watch?v=OOwZdJ6_6TE
UCzw35O6toJtjqEAAt4LTjKQ,https://www.youtube.com/watch?v=wz3HZqYuAak
UCzw35O6toJtjqEAAt4LTjKQ,https://www.youtube.com/watch?v=bKlef50Uxqg
UCzw35O6toJtjqEAAt4LTjKQ,https://www.youtube.com/watch?v=DhWaq9Wkb5E
UCzw35O6toJtjqEAAt4LTjKQ,https://www.youtube.com/watch?v=cgUcxsflxw4
UCzw35O6toJtjqEAAt4LTjKQ,https://www.youtube.com/watch?v=ZrhNRhmon8M
UCzw35O6toJtjqEAAt4LTjKQ,https://www.youtube.com/watch?v=VyeI5taOTXg
UCzw35O6toJtjqEAAt4LTjKQ,https://www.youtube.com/watch?v=aQxWqRLDT4I
UCzw35O6toJtjqEAAt4LTjKQ,https://www.youtube.com/watch?v=lmKI4TIJoKY
UCzw35O6toJtjqEAAt4LTjKQ,https://www.youtube.com/watch?v=PuAhm-CsedI
UCzw35O6toJtjqEAAt4LTjKQ,https://www.youtube.com/watch?v=x_falhiqzhU
UCzw35O6toJtjqEAAt4LTjKQ,https://www.youtube.com/watch?v=fxLCRHNibck
UCzw35O6toJtjqEAAt4LTjKQ,https://www.youtube.com/watch?v=EPGuKPpiuS0
UCzw35O6toJtjqEAAt4LTjKQ,https://www.youtube.com/watch?v=vT3QUSd2cQI
UCzw35O6toJtjqEAAt4LTjKQ,https://www.youtube.com/watch?v=gQeBpUHImq0
UCzw35O6toJtjqEAAt4LTjKQ,https://www.youtube.com/watch?v=gP0WW8VNQFM
UCzw35O6toJtjqEAAt4LTjKQ,https://www.youtube.com/watch?v=4uIVghAAFP8
UCzw35O6toJtjqEAAt4LTjKQ,https://www.youtube.com/watch?v=6jG_UG-8tNw
UCw5TLrz3qADabwezTEcOmgQ,https://www.youtube.com/watch?v=Eg2h9S1wQSA
UCw5TLrz3qADabwezTEcOmgQ,https://www.youtube.com/watch?v=4GH8LvSrTRo
UCw5TLrz3qADabwezTEcOmgQ,https://www.youtube.com/watch?v=yufFkEf9KdU
UCw5TLrz3qADabwezTEcOmgQ,https://www.youtube.com/watch?v=Hs7GWhuWIsI
UCw5TLrz3qADabwezTEcOmgQ,https://www.youtube.com/watch?v=Plwo9qh-RA0
UCw5TLrz3qADabwezTEcOmgQ,https://www.youtube.com/watch?v=1v0c-K3ojDk
UCw5TLrz3qADabwezTEcOmgQ,https://www.youtube.com/watch?v=cdL-Y2Dn9kI
UCw5TLrz3qADabwezTEcOmgQ,https://www.youtube.com/watch?v=LAvOACQiQEQ
UCw5TLrz3qADabwezTEcOmgQ,https://www.youtube.com/watch?v=3AEkG9Gvp-E
UCw5TLrz3qADabwezTEcOmgQ,https://www.youtube.com/watch?v=E-VQoUGaBQw
UCw5TLrz3qADabwezTEcOmgQ,https://www.youtube.com/watch?v=IpLXA3Db9Kw
UCw5TLrz3qADabwezTEcOmgQ,https://www.youtube.com/watch?v=HkNwUdIYaWU
UCw5TLrz3qADabwezTEcOmgQ,https://www.youtube.com/watch?v=zQn7k_exMJc
UCw5TLrz3qADabwezTEcOmgQ,https://www.youtube.com/watch?v=qwkScb1BU7E
UCw5TLrz3qADabwezTEcOmgQ,https://www.youtube.com/watch?v=VchdES1JSfA
UCw5TLrz3qADabwezTEcOmgQ,https://www.youtube.com/watch?v=PzknYbWgdcc
UCw5TLrz3qADabwezTEcOmgQ,https://www.youtube.com/watch?v=6eiOFas0n9o
UCw5TLrz3qADabwezTEcOmgQ,https://www.youtube.com/watch?v=tYpP2Kx-Ir0
UCw5TLrz3qADabwezTEcOmgQ,https://www.youtube.com/watch?v=iLzXRM3YSJU
UCw5TLrz3qADabwezTEcOmgQ,https://www.youtube.com/watch?v=8JHLcGnweZQ
UCnSHHfS-nwoZXQkU6xi4L9Q,https://www.youtube.com/watch?v=McJJUgkrejs
UCnSHHfS-nwoZXQkU6xi4L9Q,https://www.youtube.com/watch?v=ADfzbzxqz4c
UCnSHHfS-nwoZXQkU6xi4L9Q,https://www.youtube.com/watch?v=QTkOdDaXJUA
UCnSHHfS-nwoZXQkU6xi4L9Q,https://www.youtube.com/watch?v=P1NoBHR4q44
UCnSHHfS-nwoZXQkU6xi4L9Q,https://www.youtube.com/watch?v=C4x69dcrzqY
UCnSHHfS-nwoZXQkU6xi4L9Q,https://www.youtube.com/watch?v=FbXzxxPBOts
UCnSHHfS-nwoZXQkU6xi4L9Q,https://www.youtube.com/watch?v=JYT50WMylOM
UCnSHHfS-nwoZXQkU6xi4L9Q,https://www.youtube.com/watch?v=whjp5qUGsE4
UCnSHHfS-nwoZXQkU6xi4L9Q,https://www.youtube.com/watch?v=KOdCQUlU-8A
UCnSHHfS-nwoZXQkU6xi4L9Q,https://www.youtube.com/watch?v=Fy4VHK658ZY
UCnSHHfS-nwoZXQkU6xi4L9Q,https://www.youtube.com/watch?v=jBA32PGNBfU
UCnSHHfS-nwoZXQkU6xi4L9Q,https://www.youtube.com/watch?v=9yTZtTydZFE
UCnSHHfS-nwoZXQkU6xi4L9Q,https://www.youtube.com/watch?v=erLALX-w2HU
UCnSHHfS-nwoZXQkU6xi4L9Q,https://www.youtube.com/watch?v=9iSbL96PKm0
UCnSHHfS-nwoZXQkU6xi4L9Q,https://www.youtube.com/watch?v=4kKxT0u6Yyo
UCnSHHfS-nwoZXQkU6xi4L9Q,https://www.youtube.com/watch?v=JABvH31gPEQ
UCnSHHfS-nwoZXQkU6xi4L9Q,https://www.youtube.com/watch?v=GG3pRf6u-vQ
UCnSHHfS-nwoZXQkU6xi4L9Q,https://www.youtube.com/watch?v=ON4goLTDEUk
UCnSHHfS-nwoZXQkU6xi4L9Q,https://www.youtube.com/watch?v=w4PKdTbe8eY
UCnSHHfS-nwoZXQkU6xi4L9Q,https://www.youtube.com/watch?v=W4hcZe79qS0
UCRE9Fp_3g_ekRTLtJM4yBFA,https://www.youtube.com/watch?v=wQ8ws14MNcU
UCRE9Fp_3g_ekRTLtJM4yBFA,https://www.youtube.com/watch?v=ns48bpv7RLs
UCRE9Fp_3g_ekRTLtJM4yBFA,https://www.youtube.com/watch?v=e68LzEJFjI0
UCRE9Fp_3g_ekRTLtJM4yBFA,https://www.youtube.com/watch?v=syQAhA4SEz4
UCRE9Fp_3g_ekRTLtJM4yBFA,https://www.youtube.com/watch?v=oGwIDYNYxQ8
UCRE9Fp_3g_ekRTLtJM4yBFA,https://www.youtube.com/watch?v=I01Ede7ykgE
UCRE9Fp_3g_ekRTLtJM4yBFA,https://www.youtube.com/watch?v=r0P1TIl-3a0
UCRE9Fp_3g_ekRTLtJM4yBFA,https://www.youtube.com/watch?v=I6bfWDCIem4
UCRE9Fp_3g_ekRTLtJM4yBFA,https://www.youtube.com/watch?v=vKqVMpxHdLY
UCRE9Fp_3g_ekRTLtJM4yBFA,https://www.youtube.com/watch?v=hXuqJALFbZo
UCRE9Fp_3g_ekRTLtJM4yBFA,https://www.youtube.com/watch?v=FKxMMOg3ndE
UCRE9Fp_3g_ekRTLtJM4yBFA,https://www.youtube.com/watch?v=kTjY_XVAyTc
UCRE9Fp_3g_ekRTLtJM4yBFA,https://www.youtube.com/watch?v=5J2HaQqCGGY
UCRE9Fp_3g_ekRTLtJM4yBFA,https://www.youtube.com/watch?v=Fk85ikqBC6I
UCRE9Fp_3g_ekRTLtJM4yBFA,https://www.youtube.com/watch?v=R7D6njkKav8
UCRE9Fp_3g_ekRTLtJM4yBFA,https://www.youtube.com/watch?v=4U-nLfuOK60
UCRE9Fp_3g_ekRTLtJM4yBFA,https://www.youtube.com/watch?v=587hjqGgHrI
UCRE9Fp_3g_ekRTLtJM4yBFA,https://www.youtube.com/watch?v=NnhTtJQqgMs
UCRE9Fp_3g_ekRTLtJM4yBFA,https://www.youtube.com/watch?v=bZsXczV6b4M
UCRE9Fp_3g_ekRTLtJM4yBFA,https://www.youtube.com/watch?v=zq31BJ4z61k
UCCLu5B_Ctsw4N20DJvDykOA,https://www.youtube.com/watch?v=HlQr_-UbZhg
UCCLu5B_Ctsw4N20DJvDykOA,https://www.youtube.com/watch?v=yqROzdEfoOU
UCCLu5B_Ctsw4N20DJvDykOA,https://www.youtube.com/watch?v=1vTNbCBUI4w
UCCLu5B_Ctsw4N20DJvDykOA,https://www.youtube.com/watch?v=QooYwYVs9wQ
UCCLu5B_Ctsw4N20DJvDykOA,https://www.youtube.com/watch?v=f2F9IE3pigI
UCCLu5B_Ctsw4N20DJvDykOA,https://www.youtube.com/watch?v=cEUd1bdeThU
UCCLu5B_Ctsw4N20DJvDykOA,https://www.youtube.com/watch?v=-YJM06pbuC4
UCCLu5B_Ctsw4N20DJvDykOA,https://www.youtube.com/watch?v=ATIyB0VfjnY
UCCLu5B_Ctsw4N20DJvDykOA,https://www.youtube.com/watch?v=C1jhBeQPNBo
UCCLu5B_Ctsw4N20DJvDykOA,https://www.youtube.com/watch?v=4bnspCYFMzY
UCCLu5B_Ctsw4N20DJvDykOA,https://www.youtube.com/watch?v=2BnbQ7xj2PE
UCCLu5B_Ctsw4N20DJvDykOA,https://www.youtube.com/watch?v=epA-sxa83B0
UCCLu5B_Ctsw4N20DJvDykOA,https://www.youtube.com/watch?v=93GUvcfMem8
UCCLu5B_Ctsw4N20DJvDykOA,https://www.youtube.com/watch?v=TV4V2mGKQRw
UCCLu5B_Ctsw4N20DJvDykOA,https://www.youtube.com/watch?v=ay1jAhlfiK4
UCCLu5B_Ctsw4N20DJvDykOA,https://www.youtube.com/watch?v=c6PsMPSJ1fs
UCCLu5B_Ctsw4N20DJvDykOA,https://www.youtube.com/watch?v=RJASitMFgs4
UCCLu5B_Ctsw4N20DJvDykOA,https://www.youtube.com/watch?v=-cK5wq3Y5cY
UCCLu5B_Ctsw4N20DJvDykOA,https://www.youtube.com/watch?v=qGZ156-JgPQ
UCCLu5B_Ctsw4N20DJvDykOA,https://www.youtube.com/watch?v=Xz69gFMu9uI
